Workbook

Sheet Hướng dẫn
B2: BẢNG GHI NHẬN KẾT QUẢ TEST DS-260
B4: Cách dùng:
B5: 1. Mỗi người test mở sheet Case tương ứng (Case A … Case F), điền cột Kết quả, Người test, Ngày test, Ghi chú.
B6: 2. Cột 'Kết quả' chọn từ danh sách: Đạt / Không đạt / Chưa test / N/A (ô tự tô màu).
B7: 3. Sheet 'Tổng hợp' tự đếm số mục Đạt/Không đạt cho từng case — không cần nhập tay.
B8: 4. Sheet 'Field checkpoints' là tiêu chí cấp trường dùng chung khi đối chiếu file Word với bản mẫu.
B9: 5. Mục Không đạt: ghi rõ giá trị hệ thống vs giá trị đúng ở cột Ghi chú, kèm gửi IT nếu cần.
B12: Chú thích màu:
B13: Đạt
B14: Không đạt
B15: Chưa test

Sheet Tổng hợp
A1: STT | B1: Case | C1: Tên case | D1: Tổng mục | E1: Đạt | F1: Không đạt | G1: Chưa test | H1: Kết quả | I1: Người test | J1: Ngày test | K1: Ghi chú
A2: 1 | B2: A | C2: Hồ sơ đơn | D2: 8 | E2: =COUNTIF('Case A'!$E$2:$E$200,"Đạt") | F2: =COUNTIF('Case A'!$E$2:$E$200,"Không đạt") | G2: =COUNTIF('Case A'!$E$2:$E$200,"Chưa test") | H2: =IF(E2=0,IF(F2=0,"CHƯA TEST","KHÔNG ĐẠT"),IF(F2=0,"ĐẠT","CÒN LỖI"))
A3: 2 | B3: B | C3: Vợ chồng | D3: 8 | E3: =COUNTIF('Case B'!$E$2:$E$200,"Đạt") | F3: =COUNTIF('Case B'!$E$2:$E$200,"Không đạt") | G3: =COUNTIF('Case B'!$E$2:$E$200,"Chưa test") | H3: =IF(E3=0,IF(F3=0,"CHƯA TEST","KHÔNG ĐẠT"),IF(F3=0,"ĐẠT","CÒN LỖI"))
A4: 3 | B4: C | C4: Gia đình có con | D4: 8 | E4: =COUNTIF('Case C'!$E$2:$E$200,"Đạt") | F4: =COUNTIF('Case C'!$E$2:$E$200,"Không đạt") | G4: =COUNTIF('Case C'!$E$2:$E$200,"Chưa test") | H4: =IF(E4=0,IF(F4=0,"CHƯA TEST","KHÔNG ĐẠT"),IF(F4=0,"ĐẠT","CÒN LỖI"))
A5: 4 | B5: D | C5: Chủ + con (không mã 02) | D5: 7 | E5: =COUNTIF('Case D'!$E$2:$E$200,"Đạt") | F5: =COUNTIF('Case D'!$E$2:$E$200,"Không đạt") | G5: =COUNTIF('Case D'!$E$2:$E$200,"Chưa test") | H5: =IF(E5=0,IF(F5=0,"CHƯA TEST","KHÔNG ĐẠT"),IF(F5=0,"ĐẠT","CÒN LỖI"))
A6: 5 | B6: E | C6: Ly hôn / Tái hôn | D6: 7 | E6: =COUNTIF('Case E'!$E$2:$E$200,"Đạt") | F6: =COUNTIF('Case E'!$E$2:$E$200,"Không đạt") | G6: =COUNTIF('Case E'!$E$2:$E$200,"Chưa test") | H6: =IF(E6=0,IF(F6=0,"CHƯA TEST","KHÔNG ĐẠT"),IF(F6=0,"ĐẠT","CÒN LỖI"))
A7: 6 | B7: F | C7: Trường hợp đặc biệt | D7: 6 | E7: =COUNTIF('Case F'!$E$2:$E$200,"Đạt") | F7: =COUNTIF('Case F'!$E$2:$E$200,"Không đạt") | G7: =COUNTIF('Case F'!$E$2:$E$200,"Chưa test") | H7: =IF(E7=0,IF(F7=0,"CHƯA TEST","KHÔNG ĐẠT"),IF(F7=0,"ĐẠT","CÒN LỖI"))

Sheet Case A
A1: STT | B1: Case | C1: Hạng mục | D1: Tiêu chí kiểm tra | E1: Kết quả | F1: Người test | G1: Ngày test | H1: Ghi chú
A2: 1 | B2: A | C2: Bộ hồ sơ | D2: Đủ file tối thiểu: 01_1 GKS, 01_2 Hộ chiếu, 01_4 LLTP, 01_6 Worksheet (+kết hôn/ly hôn nếu có) | E2: Chưa test
A3: 2 | B3: A | C3: OCR | D3: Tất cả file OCR done, không failed | E3: Chưa test
A4: 3 | B4: A | C4: A.1/A.2 | D4: Họ tên, ngày sinh, giới tính, số hộ chiếu, quốc tịch = Vietnam | E4: Chưa test
A5: 4 | B5: A | C5: Cha/Mẹ | D5: Họ tên tách đúng từ GKS; còn sống/đã mất theo worksheet | E5: Chưa test
A6: 5 | B6: A | C6: Lý lịch tư pháp | D6: Số & ngày cấp đầy đủ | E6: Chưa test
A7: 6 | B7: A | C7: Worksheet | D7: Địa chỉ/liên lạc/MXH/nghề nghiệp/học vấn lấy từ worksheet | E7: Chưa test
A8: 7 | B8: A | C8: Hôn nhân | D8: Tình trạng hôn nhân khớp giấy tờ | E8: Chưa test
A9: 8 | B9: A | C9: Export | D9: Xuất được file Word DS-260, không lỗi | E9: Chưa test

Sheet Case B
A1: STT | B1: Case | C1: Hạng mục | D1: Tiêu chí kiểm tra | E1: Kết quả | F1: Người test | G1: Ngày test | H1: Ghi chú
A2: 1 | B2: B | C2: Bộ hồ sơ | D2: Đủ bộ 01_* (gồm 01_5 kết hôn, 01_6 worksheet) + bộ 02_* | E2: Chưa test
A3: 2 | B3: B | C3: OCR | D3: Tất cả file OCR done, không failed | E3: Chưa test
A4: 3 | B4: B | C4: Tách thành viên | D4: Mỗi thành viên xuất 1 file DS-260 riêng, chọn đúng người | E4: Chưa test
A5: 4 | B5: B | C5: Phối ngẫu | D5: Họ tên/ngày sinh/nơi sinh/ngày-nơi kết hôn từ Giấy kết hôn | E5: Chưa test
A6: 5 | B6: B | C6: Nhập cư | D6: spouse_immigrating = Yes (nếu khai cùng nhập cư) | E6: Chưa test
A7: 6 | B7: B | C7: Scope worksheet | D7: Field worksheet của 02 lấy ĐÚNG worksheet 02, không lẫn 01 | E7: Chưa test
A8: 7 | B8: B | C8: Tên bản ngữ | D8: Native của mỗi người giữ dấu tiếng Việt | E8: Chưa test
A9: 8 | B9: B | C9: Export | D9: Xuất được file Word cho cả 2, không lỗi | E9: Chưa test

Sheet Case C
A1: STT | B1: Case | C1: Hạng mục | D1: Tiêu chí kiểm tra | E1: Kết quả | F1: Người test | G1: Ngày test | H1: Ghi chú
A2: 1 | B2: C | C2: Bộ hồ sơ | D2: Bộ 01_*, 02_*, và mỗi con có GKS con (BIRTH CERTIFICATE CHILD) | E2: Chưa test
A3: 2 | B3: C | C3: OCR | D3: Tất cả file OCR done, không failed | E3: Chưa test
A4: 3 | B4: C | C4: Mục Con (chủ HS) | D4: Số con đúng; từng con có họ tên, ngày sinh, nơi sinh | E4: Chưa test
A5: 4 | B5: C | C5: Con nhập cư | D5: lives_with và immigrating = Yes (từ worksheet) | E5: Chưa test
A6: 5 | B6: C | C6: DS-260 từng con | D6: Mỗi con xuất riêng; cha = đương đơn, mẹ = phối ngẫu | E6: Chưa test
A7: 6 | B7: C | C7: Nơi sinh con | D7: City = thành phố (vd. Ho Chi Minh), State = N/A | E7: Chưa test
A8: 7 | B8: C | C8: Slot con | D8: Không sinh slot con thừa (con thứ 4 trống dù khai 3 con) | E8: Chưa test
A9: 8 | B9: C | C9: Export | D9: Xuất được Word cho tất cả thành viên | E9: Chưa test

Sheet Case D
A1: STT | B1: Case | C1: Hạng mục | D1: Tiêu chí kiểm tra | E1: Kết quả | F1: Người test | G1: Ngày test | H1: Ghi chú
A2: 1 | B2: D | C2: Bộ hồ sơ | D2: Chỉ mã 01 và 03,04…; KHÔNG có mã 02 | E2: Chưa test
A3: 2 | B3: D | C3: OCR | D3: Tất cả file OCR done, không failed | E3: Chưa test
A4: 3 | B4: D | C4: Phối ngẫu | D4: Mục phối ngẫu để trống/không áp dụng, không lấy nhầm người khác | E4: Chưa test
A5: 4 | B5: D | C5: Hôn nhân | D5: Tình trạng hôn nhân theo worksheet (Single/Widowed/Divorced) | E5: Chưa test
A6: 5 | B6: D | C6: Mục Con | D6: Hiển thị đầy đủ từng con | E6: Chưa test
A7: 6 | B7: D | C7: DS-260 con | D7: Mục cha/mẹ điền theo dữ liệu thực có; thiếu phối ngẫu thì để trống đúng | E7: Chưa test
A8: 7 | B8: D | C8: Export | D8: Xuất được Word, không lỗi | E8: Chưa test

Sheet Case E
A1: STT | B1: Case | C1: Hạng mục | D1: Tiêu chí kiểm tra | E1: Kết quả | F1: Người test | G1: Ngày test | H1: Ghi chú
A2: 1 | B2: E | C2: Bộ hồ sơ | D2: Bắt buộc 01_3 Quyết định ly hôn (+ 01_5 kết hôn hiện tại nếu tái hôn) | E2: Chưa test
A3: 2 | B3: E | C3: OCR | D3: Tất cả file OCR done, không failed | E3: Chưa test
A4: 3 | B4: E | C4: Hôn nhân | D4: Divorced (chỉ ly hôn) hoặc Married (đã tái hôn) | E4: Chưa test
A5: 4 | B5: E | C5: Phối ngẫu cũ | D5: Họ tên, ngày kết hôn trước, ngày ly hôn từ Quyết định ly hôn | E5: Chưa test
A6: 5 | B6: E | C6: Phối ngẫu mới | D6: Nếu tái hôn: phối ngẫu hiện tại từ Giấy kết hôn mới | E6: Chưa test
A7: 6 | B7: E | C7: Không lẫn | D7: Dữ liệu ly hôn không lẫn sang phối ngẫu hiện tại và ngược lại | E7: Chưa test
A8: 7 | B8: E | C8: Export | D8: Xuất được Word, không lỗi | E8: Chưa test

Sheet Case F
A1: STT | B1: Case | C1: Hạng mục | D1: Tiêu chí kiểm tra | E1: Kết quả | F1: Người test | G1: Ngày test | H1: Ghi chú
A2: 1 | B2: F | C2: Ổn định | D2: Hệ thống không crash; field không xác định để trống/N/A, không bịa dữ liệu | E2: Chưa test
A3: 2 | B3: F | C3: Thiếu cha/mẹ | D3: Ô Họ = N/A, các ô còn lại để trống đúng quy ước | E3: Chưa test
A4: 3 | B4: F | C4: Giấy khác tên | D4: Đặt lại tên đúng quy ước / reprocess; OCR sai loại → báo IT | E4: Chưa test
A5: 4 | B5: F | C5: Con nuôi/đặc biệt | D5: Ghi chú rõ quan hệ; kiểm tra mục con/cha mẹ hợp lý | E5: Chưa test
A6: 5 | B6: F | C6: Nhiều lần KH/LH | D6: Kiểm tra phối ngẫu hiện tại vs cũ tách đúng | E6: Chưa test
A7: 6 | B7: F | C7: Báo IT | D7: Mọi sai lệch bất thường: chụp màn hình + ghi rõ + gửi IT | E7: Chưa test

Sheet Field checkpoints
A1: STT | B1: Nhóm field | C1: Quy ước đúng cần kiểm | D1: Kết quả | E1: Người test | F1: Ghi chú
A2: 1 | B2: Nơi sinh | C2: City = N/A khi chỉ có tỉnh; State = tên tỉnh. TP trực thuộc TW (HCM/HN/ĐN/HP/CT): City = tên TP, State = N/A. Không để tên bệnh viện/UBND. | D2: Chưa test
A3: 2 | B3: Ngày tháng | C3: Tháng đầy đủ: 03 November 1980. Ngày thiếu ngày: May 2023 / 2023 (cảnh báo, vẫn xuất). | D3: Chưa test
A4: 3 | B4: Tên bản ngữ | C4: Full Name in Native Language giữ dấu tiếng Việt (HỒ CÔNG BẢO LONG). | D4: Chưa test
A5: 4 | B5: Tên Luồng 1 (CEAC) | C5: Họ tên không dấu, IN HOA cho các ô tên chính. | D5: Chưa test
A6: 5 | B6: Cha / Mẹ | C6: Đã mất → khối địa chỉ trống; có năm mất → is_living = No; còn sống/đã mất theo worksheet. | D6: Chưa test
A7: 6 | B7: Quốc tịch | C7: Country of Origin = Vietnam. | D7: Chưa test
A8: 7 | B8: Địa chỉ | C8: Ô State không chứa địa chỉ phố/số nhà; mã bưu điện tự suy (HCM 700000, Huế 530000). | D8: Chưa test
A9: 8 | B9: Work/Education | C9: Nghề nghiệp, công ty, trường THCS/THPT/ĐH (tên/địa chỉ/ngành/thời gian) điền đủ. | D9: Chưa test
A10: 9 | B10: Con cái | C10: Số con đúng; mỗi con lives_with/immigrating = Yes; không slot con thừa. | D10: Chưa test
A11: 10 | B11: Phối ngẫu | C11: Họ tên/nơi sinh/ngày-nơi kết hôn từ Giấy kết hôn; spouse_immigrating từ worksheet. | D11: Chưa test
A12: 11 | B12: Scope gia đình | C12: Field worksheet lấy đúng worksheet từng thành viên. | D12: Chưa test
